{
  "strategy": "Factor",
  "parameters": {
    "factor": "ag99_close"
  },
  "total_return": 9.620434732908766,
  "annual_return": 0.9582960334415747,
  "sharpe_ratio": 0.15977903093867596,
  "max_drawdown": -21.228970679491212,
  "win_rate": 5.028854080791426
}